title,price,location,bedrooms,bathrooms,listing_url,scraped_at
2 Bed Apartment with En Suite in Lavington,"KSh 6,000,000",Lavington,2 Bedrooms,2 Bathrooms,https://www.buyrentkenya.com/listings/2-bedroom-apartment-for-sale-lavington-4017869,2026-06-26T20:34:07.263422
3 Bed Apartment with En Suite in Westlands Area,"KSh 12,000,000","Westlands Area, Westlands",3 Bedrooms,3 Bathrooms,https://www.buyrentkenya.com/listings/3-bedroom-apartment-for-sale-westlands-area-4017149,2026-06-26T20:34:07.349531
1 Bed Apartment with En Suite in Westlands Area,"KSh 4,000,000","Westlands Area, Westlands",1 Bedrooms,1 Bathrooms,https://www.buyrentkenya.com/listings/1-bedroom-apartment-for-sale-westlands-area-4017176,2026-06-26T20:34:07.429197
2 Bed Apartment with En Suite in Parklands,"KSh 12,900,000","Parklands, Westlands",2 Bedrooms,2 Bathrooms,https://www.buyrentkenya.com/listings/2-bedroom-apartment-for-sale-parklands-4017917,2026-06-26T20:34:07.509555
4 Bed Apartment with En Suite in Kilimani,"KSh 13,000,000",Kilimani,4 Bedrooms,4 Bathrooms,https://www.buyrentkenya.com/listings/4-bedroom-apartment-for-sale-kilimani-4015648,2026-06-26T20:34:07.593080
4 Bed Apartment with En Suite in Kilimani,"KSh 13,000,000",Kilimani,4 Bedrooms,4 Bathrooms,https://www.buyrentkenya.com/listings/4-bedroom-apartment-for-sale-kilimani-4016107,2026-06-26T20:34:07.673429
3 Bed Apartment with En Suite in Nyali Area,"KSh 40,000,000","Nyali Area, Nyali",3 Bedrooms,3 Bathrooms,https://www.buyrentkenya.com/listings/3-bedroom-apartment-for-sale-nyali-area-4016888,2026-06-26T20:34:39.665934
2 Bed Apartment with En Suite in Lavington,"KSh 6,000,000",Lavington,2 Bedrooms,1 Bathrooms,https://www.buyrentkenya.com/listings/2-bedroom-apartment-for-sale-lavington-4012213,2026-06-26T20:34:39.747774
Serviced Studio Apartment with Gym at Off Naivasha Road,"KSh 2,400,000","Riruta, Riara Road",,1 Bathrooms,https://www.buyrentkenya.com/listings/studio-apartment-for-sale-riruta-3969522,2026-06-26T20:34:39.819422
4 Bed Apartment with En Suite in Westlands Area,"KSh 62,000,000","Westlands Area, Westlands",4 Bedrooms,5 Bathrooms,https://www.buyrentkenya.com/listings/4-bedroom-apartment-for-sale-westlands-area-4017904,2026-06-26T20:34:39.991333
1 Bed Apartment with En Suite in Parklands,"KSh 7,800,000","Parklands, Westlands",1 Bedrooms,1 Bathrooms,https://www.buyrentkenya.com/listings/1-bedroom-apartment-for-sale-parklands-4017908,2026-06-26T20:34:40.100060
4 Bed Apartment with En Suite in Kileleshwa,"KSh 20,000,000",Kileleshwa,4 Bedrooms,5 Bathrooms,https://www.buyrentkenya.com/listings/4-bedroom-apartment-for-sale-kileleshwa-4017910,2026-06-26T20:34:40.188286
4 Bed Apartment with En Suite in Kileleshwa,"KSh 13,000,000",Kileleshwa,4 Bedrooms,5 Bathrooms,https://www.buyrentkenya.com/listings/4-bedroom-apartment-for-sale-kileleshwa-4017909,2026-06-26T20:34:40.276718
2 Bed Apartment with En Suite in Kilimani,"KSh 6,000,000",Kilimani,2 Bedrooms,1 Bathrooms,https://www.buyrentkenya.com/listings/2-bedroom-apartment-for-sale-kilimani-4011957,2026-06-26T20:35:13.359465
4 Bed Apartment with En Suite in Westlands Area,"KSh 18,000,000","Westlands Area, Westlands",4 Bedrooms,4 Bathrooms,https://www.buyrentkenya.com/listings/4-bedroom-apartment-for-sale-westlands-area-4012160,2026-06-26T20:35:13.441363
2 Bed Apartment with En Suite in Lavington,"KSh 6,000,000",Lavington,2 Bedrooms,1 Bathrooms,https://www.buyrentkenya.com/listings/2-bedroom-apartment-for-sale-lavington-4015296,2026-06-26T20:35:13.558671
1 Bed Apartment with En Suite in Kileleshwa,"KSh 4,000,000",Kileleshwa,1 Bedrooms,1 Bathrooms,https://www.buyrentkenya.com/listings/1-bedroom-apartment-for-sale-kileleshwa-4017898,2026-06-26T20:35:13.664427
2 Bed Apartment with En Suite at Mtito Andei Road,"KSh 9,600,000",Kilimani,2 Bedrooms,2 Bathrooms,https://www.buyrentkenya.com/listings/2-bedroom-apartment-for-sale-kilimani-4017876,2026-06-26T20:35:13.757626
2 Bed Apartment with En Suite at Mombasa Rd,"KSh 7,400,000",Syokimau,2 Bedrooms,2 Bathrooms,https://www.buyrentkenya.com/listings/2-bedroom-apartment-for-sale-syokimau-4017879,2026-06-26T20:35:13.838077
2 Bed Apartment with En Suite at Eldama Ravine Rd,"KSh 10,100,000","Westlands Area, Westlands",2 Bedrooms,2 Bathrooms,https://www.buyrentkenya.com/listings/2-bedroom-apartment-for-sale-westlands-area-4017881,2026-06-26T20:35:13.915531
3 Bed Apartment with En Suite in Lavington,"KSh 9,000,000",Lavington,3 Bedrooms,3 Bathrooms,https://www.buyrentkenya.com/listings/3-bedroom-apartment-for-sale-lavington-4013971,2026-06-26T20:35:44.471580
3 Bed Apartment with En Suite in Kileleshwa,"KSh 10,000,000",Kileleshwa,3 Bedrooms,2 Bathrooms,https://www.buyrentkenya.com/listings/3-bedroom-apartment-for-sale-kileleshwa-4012150,2026-06-26T20:35:44.552367
4 Bed Apartment with En Suite in Lavington,"KSh 13,000,000",Lavington,4 Bedrooms,5 Bathrooms,https://www.buyrentkenya.com/listings/4-bedroom-apartment-for-sale-lavington-4015351,2026-06-26T20:35:44.629023
1 Bed Apartment with En Suite in Lavington,"KSh 4,000,000",Lavington,1 Bedrooms,1 Bathrooms,https://www.buyrentkenya.com/listings/1-bedroom-apartment-for-sale-lavington-4017883,2026-06-26T20:35:44.707688
4 Bed Apartment with En Suite in Westlands Area,"KSh 17,900,000","Westlands Area, Westlands",4 Bedrooms,4 Bathrooms,https://www.buyrentkenya.com/listings/4-bedroom-apartment-for-sale-westlands-area-4017192,2026-06-26T20:35:44.784284
2 Bed Apartment with En Suite in Westlands Area,"KSh 7,000,000","Westlands Area, Westlands",2 Bedrooms,2 Bathrooms,https://www.buyrentkenya.com/listings/2-bedroom-apartment-for-sale-westlands-area-4017181,2026-06-26T20:35:44.862557
1 Bed Apartment with En Suite in Westlands Area,"KSh 4,000,000","Westlands Area, Westlands",1 Bedrooms,1 Bathrooms,https://www.buyrentkenya.com/listings/1-bedroom-apartment-for-sale-westlands-area-4017175,2026-06-26T20:35:44.940106
4 Bed Apartment with En Suite at Zambia Road,"KSh 18,700,000",Ngong,4 Bedrooms,5 Bathrooms,https://www.buyrentkenya.com/listings/4-bedroom-apartment-for-sale-ngong-3942040,2026-06-26T20:36:16.539079
2 Bed Apartment with En Suite in Westlands Area,"KSh 7,000,000","Westlands Area, Westlands",2 Bedrooms,2 Bathrooms,https://www.buyrentkenya.com/listings/2-bedroom-apartment-for-sale-westlands-area-4013963,2026-06-26T20:36:16.625447
4 Bed Apartment with En Suite at Githunguri Road,"KSh 26,000,000",Kileleshwa,4 Bedrooms,5 Bathrooms,https://www.buyrentkenya.com/listings/4-bedroom-apartment-for-sale-kileleshwa-4009213,2026-06-26T20:36:16.731331
1 Bed Apartment with En Suite in Kileleshwa,"KSh 3,000,000",Kileleshwa,1 Bedrooms,1 Bathrooms,https://www.buyrentkenya.com/listings/1-bedroom-apartment-for-sale-kileleshwa-4017814,2026-06-26T20:36:16.817586
1 Bed Apartment with En Suite in Kilimani,"KSh 3,000,000",Kilimani,1 Bedrooms,1 Bathrooms,https://www.buyrentkenya.com/listings/1-bedroom-apartment-for-sale-kilimani-4017813,2026-06-26T20:36:16.925305
3 Bed Apartment with En Suite in Lavington,"KSh 10,500,000",Lavington,3 Bedrooms,3 Bathrooms,https://www.buyrentkenya.com/listings/3-bedroom-apartment-for-sale-lavington-4017861,2026-06-26T20:36:17.003721
1 Bed Apartment with En Suite in Lavington,"KSh 4,000,000",Lavington,1 Bedrooms,1 Bathrooms,https://www.buyrentkenya.com/listings/1-bedroom-apartment-for-sale-lavington-4017859,2026-06-26T20:36:17.082242
3 Bed Apartment with En Suite in Kileleshwa,"KSh 9,000,000",Kileleshwa,3 Bedrooms,3 Bathrooms,https://www.buyrentkenya.com/listings/3-bedroom-apartment-for-sale-kileleshwa-4015371,2026-06-26T20:36:49.028173
3 Bed Apartment with En Suite at 2Nd Parklands,"KSh 38,000,000","Parklands, Westlands",3 Bedrooms,3 Bathrooms,https://www.buyrentkenya.com/listings/3-bedroom-apartment-for-sale-parklands-4014620,2026-06-26T20:36:49.113767
2 Bed Apartment with En Suite in Kileleshwa,"KSh 7,000,000",Kileleshwa,2 Bedrooms,2 Bathrooms,https://www.buyrentkenya.com/listings/2-bedroom-apartment-for-sale-kileleshwa-4015250,2026-06-26T20:36:49.193917
1 Bed Apartment with En Suite in Westlands Area,"KSh 5,500,000","Westlands Area, Westlands",1 Bedrooms,2 Bathrooms,https://www.buyrentkenya.com/listings/1-bedroom-apartment-for-sale-westlands-area-4016813,2026-06-26T20:36:49.274098
2 Bed Apartment with En Suite in Westlands Area,"KSh 9,000,000","Westlands Area, Westlands",2 Bedrooms,3 Bathrooms,https://www.buyrentkenya.com/listings/2-bedroom-apartment-for-sale-westlands-area-4016809,2026-06-26T20:36:49.351414
1 Bed Apartment with En Suite in Westlands Area,"KSh 7,000,000","Westlands Area, Westlands",1 Bedrooms,2 Bathrooms,https://www.buyrentkenya.com/listings/1-bedroom-apartment-for-sale-westlands-area-4016802,2026-06-26T20:36:49.432146
1 Bed Apartment with En Suite in Westlands Area,"KSh 5,000,000","Westlands Area, Westlands",1 Bedrooms,2 Bathrooms,https://www.buyrentkenya.com/listings/1-bedroom-apartment-for-sale-westlands-area-4017445,2026-06-26T20:36:49.509097
1 Bed Apartment with En Suite in Westlands Area,"KSh 4,000,000","Westlands Area, Westlands",1 Bedrooms,1 Bathrooms,https://www.buyrentkenya.com/listings/1-bedroom-apartment-for-sale-westlands-area-4013959,2026-06-26T20:37:20.081053
4 Bed Apartment with En Suite in Lavington,"KSh 13,500,000",Lavington,4 Bedrooms,4 Bathrooms,https://www.buyrentkenya.com/listings/4-bedroom-apartment-for-sale-lavington-4012159,2026-06-26T20:37:20.163088
3 Bed Apartment with En Suite in Kileleshwa,"KSh 29,000,000",Kileleshwa,3 Bedrooms,4 Bathrooms,https://www.buyrentkenya.com/listings/3-bedroom-apartment-for-sale-kileleshwa-4011433,2026-06-26T20:37:20.241363
2 Bed Apartment with En Suite in Kilimani,"KSh 10,900,000",Kilimani,2 Bedrooms,2 Bathrooms,https://www.buyrentkenya.com/listings/2-bedroom-apartment-for-sale-kilimani-4017795,2026-06-26T20:37:20.319759
1 Bed Apartment with En Suite in Kilimani,"KSh 8,000,000",Kilimani,1 Bedrooms,1 Bathrooms,https://www.buyrentkenya.com/listings/1-bedroom-apartment-for-sale-kilimani-4017792,2026-06-26T20:37:20.397810
Studio Apartment with En Suite in Kilimani,"KSh 4,900,000",Kilimani,,1 Bathrooms,https://www.buyrentkenya.com/listings/studio-apartment-for-sale-kilimani-4017783,2026-06-26T20:37:20.468223
5 Bed Apartment with En Suite in Parklands,"KSh 45,300,000","Parklands, Westlands",5 Bedrooms,5 Bathrooms,https://www.buyrentkenya.com/listings/5-bedroom-apartment-for-sale-parklands-4017772,2026-06-26T20:37:20.546608
Serviced 3 Bed Apartment with En Suite in Kileleshwa,"KSh 31,000,000",Kileleshwa,3 Bedrooms,4 Bathrooms,https://www.buyrentkenya.com/listings/furnished-3-bedroom-apartment-for-sale-kileleshwa-4003610,2026-06-26T20:37:51.993638
3 Bed Apartment with En Suite in Kileleshwa,"KSh 9,000,000",Kileleshwa,3 Bedrooms,3 Bathrooms,https://www.buyrentkenya.com/listings/3-bedroom-apartment-for-sale-kileleshwa-4010488,2026-06-26T20:37:52.083923
1 Bed Apartment with En Suite in Kilimani,"KSh 3,000,000",Kilimani,1 Bedrooms,,https://www.buyrentkenya.com/listings/1-bedroom-apartment-for-sale-kilimani-4015157,2026-06-26T20:37:52.154891
3 Bed Apartment with En Suite in Westlands Area,"KSh 13,000,000","Westlands Area, Westlands",3 Bedrooms,2 Bathrooms,https://www.buyrentkenya.com/listings/3-bedroom-apartment-for-sale-westlands-area-4017747,2026-06-26T20:37:52.233984
1 Bed Apartment with En Suite in Westlands Area,"KSh 4,000,000","Westlands Area, Westlands",1 Bedrooms,1 Bathrooms,https://www.buyrentkenya.com/listings/1-bedroom-apartment-for-sale-westlands-area-4017745,2026-06-26T20:37:52.312739
4 Bed Apartment with En Suite in Lavington,"KSh 13,500,000",Lavington,4 Bedrooms,4 Bathrooms,https://www.buyrentkenya.com/listings/4-bedroom-apartment-for-sale-lavington-4017744,2026-06-26T20:37:52.390403
4 Bed Apartment with En Suite in Kileleshwa,"KSh 13,500,000",Kileleshwa,4 Bedrooms,4 Bathrooms,https://www.buyrentkenya.com/listings/4-bedroom-apartment-for-sale-kileleshwa-4017743,2026-06-26T20:37:52.471895
Studio Apartment with En Suite in Mirema,"KSh 2,500,000","Mirema, Roysambu",,1 Bathrooms,https://www.buyrentkenya.com/listings/studio-apartment-for-sale-mirema-3893263,2026-06-26T20:38:23.725229
3 Bed Apartment with En Suite at Othaya Road,"KSh 25,000,000",Lavington,3 Bedrooms,4 Bathrooms,https://www.buyrentkenya.com/listings/3-bedroom-apartment-for-sale-lavington-4012087,2026-06-26T20:38:23.805812
2 Bed Apartment with En Suite in Kileleshwa,"KSh 6,000,000",Kileleshwa,2 Bedrooms,1 Bathrooms,https://www.buyrentkenya.com/listings/2-bedroom-apartment-for-sale-kileleshwa-4011960,2026-06-26T20:38:23.885043
2 Bed Apartment with En Suite in Kileleshwa,"KSh 7,000,000",Kileleshwa,2 Bedrooms,2 Bathrooms,https://www.buyrentkenya.com/listings/2-bedroom-apartment-for-sale-kileleshwa-4017726,2026-06-26T20:38:23.963952
2 Bed Apartment with En Suite in Kileleshwa,"KSh 7,000,000",Kileleshwa,2 Bedrooms,2 Bathrooms,https://www.buyrentkenya.com/listings/2-bedroom-apartment-for-sale-kileleshwa-4017725,2026-06-26T20:38:24.042300
1 Bed Apartment with En Suite in Kileleshwa,"KSh 4,000,000",Kileleshwa,1 Bedrooms,1 Bathrooms,https://www.buyrentkenya.com/listings/1-bedroom-apartment-for-sale-kileleshwa-4017721,2026-06-26T20:38:24.120685
1 Bed Apartment with En Suite in Kileleshwa,"KSh 4,000,000",Kileleshwa,1 Bedrooms,1 Bathrooms,https://www.buyrentkenya.com/listings/1-bedroom-apartment-for-sale-kileleshwa-4017720,2026-06-26T20:38:24.200895
4 Bed Apartment with En Suite in Lavington,"KSh 13,000,000",Lavington,4 Bedrooms,5 Bathrooms,https://www.buyrentkenya.com/listings/4-bedroom-apartment-for-sale-lavington-4009419,2026-06-26T20:38:55.535510
1 Bed Apartment with En Suite in Lavington,"KSh 3,000,000",Lavington,1 Bedrooms,1 Bathrooms,https://www.buyrentkenya.com/listings/1-bedroom-apartment-for-sale-lavington-4008201,2026-06-26T20:38:55.617474
1 Bed Apartment with En Suite in Kileleshwa,"KSh 3,000,000",Kileleshwa,1 Bedrooms,1 Bathrooms,https://www.buyrentkenya.com/listings/1-bedroom-apartment-for-sale-kileleshwa-4008561,2026-06-26T20:38:55.697182
3 Bed Apartment with En Suite in Westlands Area,"KSh 13,000,000","Westlands Area, Westlands",3 Bedrooms,2 Bathrooms,https://www.buyrentkenya.com/listings/3-bedroom-apartment-for-sale-westlands-area-4017687,2026-06-26T20:38:55.777402
3 Bed Apartment with En Suite in Lavington,"KSh 10,000,000",Lavington,3 Bedrooms,2 Bathrooms,https://www.buyrentkenya.com/listings/3-bedroom-apartment-for-sale-lavington-4017686,2026-06-26T20:38:55.855675
3 Bed Apartment with En Suite in Kileleshwa,"KSh 10,000,000",Kileleshwa,3 Bedrooms,2 Bathrooms,https://www.buyrentkenya.com/listings/3-bedroom-apartment-for-sale-kileleshwa-4017685,2026-06-26T20:38:55.934730
1 Bed Apartment with En Suite in Westlands Area,"KSh 9,500,000","Westlands Area, Westlands",1 Bedrooms,1 Bathrooms,https://www.buyrentkenya.com/listings/1-bedroom-apartment-for-sale-westlands-area-4017703,2026-06-26T20:38:56.018024
4 Bed Apartment with En Suite in Westlands Area,"KSh 17,900,000","Westlands Area, Westlands",4 Bedrooms,4 Bathrooms,https://www.buyrentkenya.com/listings/4-bedroom-apartment-for-sale-westlands-area-4007837,2026-06-26T20:39:27.961521
2 Bed Apartment with En Suite in Kileleshwa,"KSh 6,000,000",Kileleshwa,2 Bedrooms,2 Bathrooms,https://www.buyrentkenya.com/listings/2-bedroom-apartment-for-sale-kileleshwa-4010046,2026-06-26T20:39:28.044825
1 Bed Apartment with Swimming Pool in Kitisuru,"KSh 4,500,000","Kitisuru, Westlands",1 Bedrooms,1 Bathrooms,https://www.buyrentkenya.com/listings/1-bedroom-apartment-for-sale-kitisuru-3985144,2026-06-26T20:39:28.125239
4 Bed Apartment with En Suite in Westlands Area,"KSh 17,900,000","Westlands Area, Westlands",4 Bedrooms,4 Bathrooms,https://www.buyrentkenya.com/listings/4-bedroom-apartment-for-sale-westlands-area-4017652,2026-06-26T20:39:28.204572
4 Bed Apartment with En Suite in Westlands Area,"KSh 17,900,000","Westlands Area, Westlands",4 Bedrooms,4 Bathrooms,https://www.buyrentkenya.com/listings/4-bedroom-apartment-for-sale-westlands-area-4017651,2026-06-26T20:39:28.282817
3 Bed Apartment with En Suite in Westlands Area,"KSh 11,000,000","Westlands Area, Westlands",3 Bedrooms,3 Bathrooms,https://www.buyrentkenya.com/listings/3-bedroom-apartment-for-sale-westlands-area-4017647,2026-06-26T20:39:28.360007
3 Bed Apartment with En Suite in Westlands Area,"KSh 11,000,000","Westlands Area, Westlands",3 Bedrooms,3 Bathrooms,https://www.buyrentkenya.com/listings/3-bedroom-apartment-for-sale-westlands-area-4017642,2026-06-26T20:39:28.441977
1 Bed Apartment with En Suite at Greenwood Drive,"KSh 8,000,000","Nyali Area, Nyali",1 Bedrooms,2 Bathrooms,https://www.buyrentkenya.com/listings/1-bedroom-apartment-for-sale-nyali-area-3988763,2026-06-26T20:39:59.294449
Serviced Studio Apartment with Gym in Kilimani,"KSh 6,400,000",Kilimani,,1 Bathrooms,https://www.buyrentkenya.com/listings/furnished-studio-apartment-for-sale-kilimani-3938986,2026-06-26T20:39:59.367842
2 Bed Apartment with En Suite in Kileleshwa,"KSh 6,000,000",Kileleshwa,2 Bedrooms,2 Bathrooms,https://www.buyrentkenya.com/listings/2-bedroom-apartment-for-sale-kileleshwa-3990576,2026-06-26T20:39:59.448678
1 Bed Apartment with En Suite in Lavington,"KSh 4,000,000",Lavington,1 Bedrooms,1 Bathrooms,https://www.buyrentkenya.com/listings/1-bedroom-apartment-for-sale-lavington-4017618,2026-06-26T20:39:59.542939
1 Bed Apartment with En Suite in Lavington,"KSh 4,000,000",Lavington,1 Bedrooms,1 Bathrooms,https://www.buyrentkenya.com/listings/1-bedroom-apartment-for-sale-lavington-4017617,2026-06-26T20:39:59.622546
Studio Apartment with En Suite in South B,"KSh 3,230,000",South B,,1 Bathrooms,https://www.buyrentkenya.com/listings/studio-apartment-for-sale-south-b-4017668,2026-06-26T20:39:59.693917
4 Bed Apartment with En Suite in Westlands Area,"KSh 18,000,000","Westlands Area, Westlands",4 Bedrooms,4 Bathrooms,https://www.buyrentkenya.com/listings/4-bedroom-apartment-for-sale-westlands-area-4017659,2026-06-26T20:39:59.775245
2 Bed Apartment with Swimming Pool in Kilimani,"KSh 7,000,000",Kilimani,2 Bedrooms,3 Bathrooms,https://www.buyrentkenya.com/listings/2-bedroom-apartment-for-sale-kilimani-3985963,2026-06-26T20:40:31.006026
2 Bed Apartment with En Suite in Kilimani,"KSh 6,000,000",Kilimani,2 Bedrooms,2 Bathrooms,https://www.buyrentkenya.com/listings/2-bedroom-apartment-for-sale-kilimani-4009949,2026-06-26T20:40:31.088693
3 Bed Apartment with En Suite at Rhapta Road,"KSh 14,000,000","Westlands Area, Westlands",3 Bedrooms,3 Bathrooms,https://www.buyrentkenya.com/listings/3-bedroom-apartment-for-sale-westlands-area-3974783,2026-06-26T20:40:31.167624
1 Bed Apartment with En Suite in Kileleshwa,"KSh 3,000,000",Kileleshwa,1 Bedrooms,1 Bathrooms,https://www.buyrentkenya.com/listings/1-bedroom-apartment-for-sale-kileleshwa-4017584,2026-06-26T20:40:31.246931
4 Bed Apartment with En Suite in Kilimani,"KSh 13,500,000",Kilimani,4 Bedrooms,4 Bathrooms,https://www.buyrentkenya.com/listings/4-bedroom-apartment-for-sale-kilimani-4017592,2026-06-26T20:40:31.324378
3 Bed Apartment with En Suite in Lavington,"KSh 10,000,000",Lavington,3 Bedrooms,2 Bathrooms,https://www.buyrentkenya.com/listings/3-bedroom-apartment-for-sale-lavington-4017591,2026-06-26T20:40:31.405772
3 Bed Apartment with En Suite in Kileleshwa,"KSh 10,000,000",Kileleshwa,3 Bedrooms,2 Bathrooms,https://www.buyrentkenya.com/listings/3-bedroom-apartment-for-sale-kileleshwa-4017590,2026-06-26T20:40:31.484128
3 Bed Apartment in Parklands,"KSh 37,500,000","Parklands, Westlands",3 Bedrooms,,https://www.buyrentkenya.com/listings/3-bedroom-apartment-for-sale-parklands-3948081,2026-06-26T20:41:01.158075
2 Bed Apartment with En Suite in Riverside,"KSh 14,000,000","Riverside, Westlands",2 Bedrooms,2 Bathrooms,https://www.buyrentkenya.com/listings/2-bedroom-apartment-for-sale-riverside-3978751,2026-06-26T20:41:01.251763
3 Bed Apartment with En Suite in Lavington,"KSh 13,600,000",Lavington,3 Bedrooms,3 Bathrooms,https://www.buyrentkenya.com/listings/3-bedroom-apartment-for-sale-lavington-3938189,2026-06-26T20:41:01.330090
1 Bed Apartment with En Suite in Kileleshwa,"KSh 6,400,000",Kileleshwa,1 Bedrooms,1 Bathrooms,https://www.buyrentkenya.com/listings/1-bedroom-apartment-for-sale-kileleshwa-4017576,2026-06-26T20:41:01.408643
1 Bed Apartment with En Suite in Kilimani,"KSh 6,000,000",Kilimani,1 Bedrooms,1 Bathrooms,https://www.buyrentkenya.com/listings/1-bedroom-apartment-for-sale-kilimani-4017566,2026-06-26T20:41:01.501174
1 Bed Apartment with En Suite in Kileleshwa,"KSh 4,000,000",Kileleshwa,1 Bedrooms,1 Bathrooms,https://www.buyrentkenya.com/listings/1-bedroom-apartment-for-sale-kileleshwa-4017571,2026-06-26T20:41:01.606431
1 Bed Apartment with En Suite in Kileleshwa,"KSh 5,700,000",Kileleshwa,1 Bedrooms,1 Bathrooms,https://www.buyrentkenya.com/listings/1-bedroom-apartment-for-sale-kileleshwa-4017569,2026-06-26T20:41:01.685630
2 Bed Apartment with En Suite at Nyali Beach,"KSh 6,500,000","Nyali Area, Nyali",2 Bedrooms,3 Bathrooms,https://www.buyrentkenya.com/listings/2-bedroom-apartment-for-sale-nyali-area-3896957,2026-06-26T20:41:32.994238
4 Bed Apartment with En Suite at Nyali,"KSh 35,000,000","Nyali Area, Nyali",4 Bedrooms,4 Bathrooms,https://www.buyrentkenya.com/listings/4-bedroom-apartment-for-sale-nyali-area-3965961,2026-06-26T20:41:33.075860
4 Bed Apartment with En Suite at Jalaram Road,"KSh 26,300,000","Westlands Area, Westlands",4 Bedrooms,4 Bathrooms,https://www.buyrentkenya.com/listings/4-bedroom-apartment-for-sale-westlands-area-2-3856555,2026-06-26T20:41:33.155814
3 Bed Apartment with En Suite in Kilimani,"KSh 9,000,000",Kilimani,3 Bedrooms,3 Bathrooms,https://www.buyrentkenya.com/listings/3-bedroom-apartment-for-sale-kilimani-4017517,2026-06-26T20:41:33.233059
3 Bed Apartment with En Suite in Kilimani,"KSh 10,500,000",Kilimani,3 Bedrooms,3 Bathrooms,https://www.buyrentkenya.com/listings/3-bedroom-apartment-for-sale-kilimani-4017515,2026-06-26T20:41:33.311376
2 Bed Apartment with En Suite in Kileleshwa,"KSh 7,000,000",Kileleshwa,2 Bedrooms,2 Bathrooms,https://www.buyrentkenya.com/listings/2-bedroom-apartment-for-sale-kileleshwa-4017549,2026-06-26T20:41:33.400682
2 Bed Apartment with En Suite in Kilimani,"KSh 6,000,000",Kilimani,2 Bedrooms,2 Bathrooms,https://www.buyrentkenya.com/listings/2-bedroom-apartment-for-sale-kilimani-4017513,2026-06-26T20:41:33.482517
1 Bed Apartment with Borehole at Sore Road,"KSh 5,450,000",South B,1 Bedrooms,1 Bathrooms,https://www.buyrentkenya.com/listings/1-bedroom-apartment-for-sale-south-b-3761296,2026-06-26T20:42:05.840025
3 Bed Apartment with En Suite in Mtwapa,"KSh 10,000,000",Mtwapa,3 Bedrooms,4 Bathrooms,https://www.buyrentkenya.com/listings/3-bedroom-apartment-for-sale-mtwapa-3724881,2026-06-26T20:42:05.929593
Studio Apartment with Swimming Pool at Wood Avenue,"KSh 4,800,000",Kilimani,,1 Bathrooms,https://www.buyrentkenya.com/listings/studio-apartment-for-sale-kilimani-3765713,2026-06-26T20:42:06.008952
3 Bed Apartment with En Suite in Kileleshwa,"KSh 10,000,000",Kileleshwa,3 Bedrooms,2 Bathrooms,https://www.buyrentkenya.com/listings/3-bedroom-apartment-for-sale-kileleshwa-4017525,2026-06-26T20:42:06.095905
3 Bed Apartment with En Suite in Kilimani,"KSh 10,000,000",Kilimani,3 Bedrooms,2 Bathrooms,https://www.buyrentkenya.com/listings/3-bedroom-apartment-for-sale-kilimani-4017523,2026-06-26T20:42:06.182746
4 Bed Apartment with En Suite in Lavington,"KSh 20,000,000",Lavington,4 Bedrooms,5 Bathrooms,https://www.buyrentkenya.com/listings/4-bedroom-apartment-for-sale-lavington-4017545,2026-06-26T20:42:06.270553
2 Bed Apartment with En Suite in Westlands Area,"KSh 7,000,000","Westlands Area, Westlands",2 Bedrooms,1 Bathrooms,https://www.buyrentkenya.com/listings/2-bedroom-apartment-for-sale-westlands-area-4017520,2026-06-26T20:42:06.359661
3 Bed Apartment with En Suite in Kizingo,"KSh 14,400,000","Kizingo, Mombasa Island",3 Bedrooms,3 Bathrooms,https://www.buyrentkenya.com/listings/3-bedroom-apartment-for-sale-kizingo-22-3465855,2026-06-26T20:42:40.008692
Serviced 3 Bed Apartment with En Suite at Nyali,"KSh 40,000,000","Nyali Area, Nyali",3 Bedrooms,4 Bathrooms,https://www.buyrentkenya.com/listings/3-bedroom-apartment-for-sale-nyali-area-3843193,2026-06-26T20:42:40.090151
Serviced 3 Bed Apartment with En Suite at Nyali Mombasa,"KSh 40,000,000","Nyali Area, Nyali",3 Bedrooms,5 Bathrooms,https://www.buyrentkenya.com/listings/3-bedroom-apartment-for-sale-nyali-area-3856928,2026-06-26T20:42:40.166647
3 Bed Apartment with En Suite in Lavington,"KSh 10,000,000",Lavington,3 Bedrooms,2 Bathrooms,https://www.buyrentkenya.com/listings/3-bedroom-apartment-for-sale-lavington-4017485,2026-06-26T20:42:40.247991
3 Bed Apartment with En Suite in Kileleshwa,"KSh 10,000,000",Kileleshwa,3 Bedrooms,2 Bathrooms,https://www.buyrentkenya.com/listings/3-bedroom-apartment-for-sale-kileleshwa-4017484,2026-06-26T20:42:40.327146
3 Bed Apartment with En Suite in Kilimani,"KSh 10,000,000",Kilimani,3 Bedrooms,2 Bathrooms,https://www.buyrentkenya.com/listings/3-bedroom-apartment-for-sale-kilimani-4017483,2026-06-26T20:42:40.409222
2 Bed Apartment with En Suite in Lavington,"KSh 6,000,000",Lavington,2 Bedrooms,1 Bathrooms,https://www.buyrentkenya.com/listings/2-bedroom-apartment-for-sale-lavington-4017482,2026-06-26T20:42:40.488602
3 Bed Apartment with En Suite at Nyeri Road,"KSh 16,000,000",Kileleshwa,3 Bedrooms,3 Bathrooms,https://www.buyrentkenya.com/listings/3-bedroom-apartment-for-sale-kileleshwa-3667301,2026-06-26T20:43:15.374241
2 Bed Apartment in Mtwapa,"KSh 6,000,000",Mtwapa,2 Bedrooms,2 Bathrooms,https://www.buyrentkenya.com/listings/2-bedroom-apartment-for-sale-mtwapa-19-3405485,2026-06-26T20:43:15.456115
5 Bed Apartment with En Suite at Church Road,"KSh 35,000,000","Westlands Area, Westlands",5 Bedrooms,4 Bathrooms,https://www.buyrentkenya.com/listings/5-bedroom-apartment-for-sale-westlands-area-9-3538048,2026-06-26T20:43:15.533530
1 Bed Apartment with En Suite in Lavington,"KSh 4,000,000",Lavington,1 Bedrooms,1 Bathrooms,https://www.buyrentkenya.com/listings/1-bedroom-apartment-for-sale-lavington-4017433,2026-06-26T20:43:15.611599
4 Bed Apartment with En Suite in Lavington,"KSh 13,500,000",Lavington,4 Bedrooms,4 Bathrooms,https://www.buyrentkenya.com/listings/4-bedroom-apartment-for-sale-lavington-4017351,2026-06-26T20:43:15.690120
4 Bed Apartment with En Suite in Kileleshwa,"KSh 13,500,000",Kileleshwa,4 Bedrooms,4 Bathrooms,https://www.buyrentkenya.com/listings/4-bedroom-apartment-for-sale-kileleshwa-4017348,2026-06-26T20:43:15.767170
4 Bed Apartment with En Suite in Kilimani,"KSh 13,500,000",Kilimani,4 Bedrooms,4 Bathrooms,https://www.buyrentkenya.com/listings/4-bedroom-apartment-for-sale-kilimani-4017345,2026-06-26T20:43:15.847123
Furnished 2 Bed Apartment with En Suite in Diani,"KSh 19,500,000",Diani,2 Bedrooms,2 Bathrooms,https://www.buyrentkenya.com/listings/furnished-2-bedroom-apartment-for-sale-diani-3821860,2026-06-26T20:43:49.092966
1 Bed Apartment with En Suite in Lavington,"KSh 4,000,000",Lavington,1 Bedrooms,1 Bathrooms,https://www.buyrentkenya.com/listings/1-bedroom-apartment-for-sale-lavington-4017417,2026-06-26T20:43:49.174871
4 Bed Apartment with En Suite in Kilimani,"KSh 13,000,000",Kilimani,4 Bedrooms,4 Bathrooms,https://www.buyrentkenya.com/listings/4-bedroom-apartment-for-sale-kilimani-4017414,2026-06-26T20:43:49.254472
1 Bed Apartment with En Suite in Lavington,"KSh 4,000,000",Lavington,1 Bedrooms,1 Bathrooms,https://www.buyrentkenya.com/listings/1-bedroom-apartment-for-sale-lavington-4017415,2026-06-26T20:43:49.334706
3 Bed Apartment with En Suite in Kilimani,"KSh 9,000,000",Kilimani,3 Bedrooms,3 Bathrooms,https://www.buyrentkenya.com/listings/3-bedroom-apartment-for-sale-kilimani-4017413,2026-06-26T20:43:49.413131
3 Bed Apartment with En Suite in Kilimani,"KSh 10,500,000",Kilimani,3 Bedrooms,3 Bathrooms,https://www.buyrentkenya.com/listings/3-bedroom-apartment-for-sale-kilimani-4017412,2026-06-26T20:43:49.496848
2 Bed Apartment with En Suite in Kilimani,"KSh 6,000,000",Kilimani,2 Bedrooms,2 Bathrooms,https://www.buyrentkenya.com/listings/2-bedroom-apartment-for-sale-kilimani-4017409,2026-06-26T20:43:49.574487
1 Bed Apartment with En Suite in Westlands Area,"KSh 4,500,000","Westlands Area, Westlands",1 Bedrooms,1 Bathrooms,https://www.buyrentkenya.com/listings/1-bedroom-apartment-for-sale-westlands-area-4017376,2026-06-26T20:44:20.873812
4 Bed Apartment with En Suite in Westlands Area,"KSh 18,000,000","Westlands Area, Westlands",4 Bedrooms,4 Bathrooms,https://www.buyrentkenya.com/listings/4-bedroom-apartment-for-sale-westlands-area-4017315,2026-06-26T20:44:20.967487
3 Bed Apartment with En Suite in Westlands Area,"KSh 13,000,000","Westlands Area, Westlands",3 Bedrooms,2 Bathrooms,https://www.buyrentkenya.com/listings/3-bedroom-apartment-for-sale-westlands-area-4017314,2026-06-26T20:44:21.057015
2 Bed Apartment with En Suite in Westlands Area,"KSh 7,000,000","Westlands Area, Westlands",2 Bedrooms,1 Bathrooms,https://www.buyrentkenya.com/listings/2-bedroom-apartment-for-sale-westlands-area-4017313,2026-06-26T20:44:21.134843
1 Bed Apartment with En Suite in Westlands Area,"KSh 4,000,000","Westlands Area, Westlands",1 Bedrooms,1 Bathrooms,https://www.buyrentkenya.com/listings/1-bedroom-apartment-for-sale-westlands-area-4017312,2026-06-26T20:44:21.213018
4 Bed Apartment with En Suite in Kileleshwa,"KSh 13,500,000",Kileleshwa,4 Bedrooms,4 Bathrooms,https://www.buyrentkenya.com/listings/4-bedroom-apartment-for-sale-kileleshwa-4017310,2026-06-26T20:44:21.292593
4 Bed Apartment with En Suite in Lavington,"KSh 13,500,000",Lavington,4 Bedrooms,4 Bathrooms,https://www.buyrentkenya.com/listings/4-bedroom-apartment-for-sale-lavington-4017311,2026-06-26T20:44:21.370786
2 Bed Apartment with En Suite in Westlands Area,"KSh 7,000,000","Westlands Area, Westlands",2 Bedrooms,1 Bathrooms,https://www.buyrentkenya.com/listings/2-bedroom-apartment-for-sale-westlands-area-4017333,2026-06-26T20:44:50.526895
2 Bed Apartment with En Suite in Kileleshwa,"KSh 6,000,000",Kileleshwa,2 Bedrooms,1 Bathrooms,https://www.buyrentkenya.com/listings/2-bedroom-apartment-for-sale-kileleshwa-4017332,2026-06-26T20:44:50.609305
2 Bed Apartment with En Suite in Kilimani,"KSh 6,000,000",Kilimani,2 Bedrooms,1 Bathrooms,https://www.buyrentkenya.com/listings/2-bedroom-apartment-for-sale-kilimani-4017328,2026-06-26T20:44:50.688224
1 Bed Apartment with En Suite in Westlands Area,"KSh 4,000,000","Westlands Area, Westlands",1 Bedrooms,1 Bathrooms,https://www.buyrentkenya.com/listings/1-bedroom-apartment-for-sale-westlands-area-4017326,2026-06-26T20:44:50.767198
1 Bed Apartment with En Suite in Lavington,"KSh 3,000,000",Lavington,1 Bedrooms,1 Bathrooms,https://www.buyrentkenya.com/listings/1-bedroom-apartment-for-sale-lavington-4017323,2026-06-26T20:44:50.844257
1 Bed Apartment with En Suite in Kileleshwa,"KSh 3,000,000",Kileleshwa,1 Bedrooms,1 Bathrooms,https://www.buyrentkenya.com/listings/1-bedroom-apartment-for-sale-kileleshwa-4017322,2026-06-26T20:44:50.922669
1 Bed Apartment with En Suite in Kilimani,"KSh 3,000,000",Kilimani,1 Bedrooms,1 Bathrooms,https://www.buyrentkenya.com/listings/1-bedroom-apartment-for-sale-kilimani-4017320,2026-06-26T20:44:50.999709
4 Bed Apartment with En Suite in Kilimani,"KSh 13,000,000",Kilimani,4 Bedrooms,4 Bathrooms,https://www.buyrentkenya.com/listings/4-bedroom-apartment-for-sale-kilimani-4017300,2026-06-26T20:45:22.080280
3 Bed Apartment with En Suite in Kilimani,"KSh 9,000,000",Kilimani,3 Bedrooms,3 Bathrooms,https://www.buyrentkenya.com/listings/3-bedroom-apartment-for-sale-kilimani-4017297,2026-06-26T20:45:22.161007
3 Bed Apartment with En Suite in Kilimani,"KSh 10,500,000",Kilimani,3 Bedrooms,3 Bathrooms,https://www.buyrentkenya.com/listings/3-bedroom-apartment-for-sale-kilimani-4017296,2026-06-26T20:45:22.239240
1 Bed Apartment with En Suite in Kilimani,"KSh 3,000,000",Kilimani,1 Bedrooms,1 Bathrooms,https://www.buyrentkenya.com/listings/1-bedroom-apartment-for-sale-kilimani-4017294,2026-06-26T20:45:22.316597
1 Bed Apartment with En Suite in Kilimani,"KSh 4,000,000",Kilimani,1 Bedrooms,1 Bathrooms,https://www.buyrentkenya.com/listings/1-bedroom-apartment-for-sale-kilimani-4017292,2026-06-26T20:45:22.397291
4 Bed Apartment with En Suite in Westlands Area,"KSh 17,900,000","Westlands Area, Westlands",4 Bedrooms,4 Bathrooms,https://www.buyrentkenya.com/listings/4-bedroom-apartment-for-sale-westlands-area-4017290,2026-06-26T20:45:22.473417
4 Bed Apartment with En Suite in Westlands Area,"KSh 17,900,000","Westlands Area, Westlands",4 Bedrooms,4 Bathrooms,https://www.buyrentkenya.com/listings/4-bedroom-apartment-for-sale-westlands-area-4017287,2026-06-26T20:45:22.550984
2 Bed Apartment with En Suite in Lavington,"KSh 7,500,000",Lavington,2 Bedrooms,3 Bathrooms,https://www.buyrentkenya.com/listings/2-bedroom-apartment-for-sale-lavington-4016890,2026-06-26T20:45:52.411371
1 Bed Apartment with En Suite in Lavington,"KSh 5,000,000",Lavington,1 Bedrooms,2 Bathrooms,https://www.buyrentkenya.com/listings/1-bedroom-apartment-for-sale-lavington-4009719,2026-06-26T20:45:52.510243
3 Bed Apartment with En Suite in Kilimani,"KSh 10,000,000",Kilimani,3 Bedrooms,2 Bathrooms,https://www.buyrentkenya.com/listings/3-bedroom-apartment-for-sale-kilimani-4017259,2026-06-26T20:45:52.602946
2 Bed Apartment with En Suite in Westlands Area,"KSh 7,000,000","Westlands Area, Westlands",2 Bedrooms,1 Bathrooms,https://www.buyrentkenya.com/listings/2-bedroom-apartment-for-sale-westlands-area-4017254,2026-06-26T20:45:52.693306
2 Bed Apartment with En Suite in Kileleshwa,"KSh 8,500,000",Kileleshwa,2 Bedrooms,3 Bathrooms,https://www.buyrentkenya.com/listings/2-bedroom-apartment-for-sale-kileleshwa-4016878,2026-06-26T20:45:52.770847
1 Bed Apartment with En Suite in Kileleshwa,"KSh 5,000,000",Kileleshwa,1 Bedrooms,2 Bathrooms,https://www.buyrentkenya.com/listings/1-bedroom-apartment-for-sale-kileleshwa-4009576,2026-06-26T20:45:52.847891
3 Bed Apartment with En Suite in Kileleshwa,"KSh 10,000,000",Kileleshwa,3 Bedrooms,4 Bathrooms,https://www.buyrentkenya.com/listings/3-bedroom-apartment-for-sale-kileleshwa-4016859,2026-06-26T20:45:52.926742
1 Bed Apartment with En Suite in Kilimani,"KSh 5,900,000",Kilimani,1 Bedrooms,2 Bathrooms,https://www.buyrentkenya.com/listings/1-bedroom-apartment-for-sale-kilimani-4016849,2026-06-26T20:46:23.593799
2 Bed Apartment with En Suite in Kilimani,"KSh 8,000,000",Kilimani,2 Bedrooms,3 Bathrooms,https://www.buyrentkenya.com/listings/2-bedroom-apartment-for-sale-kilimani-4009376,2026-06-26T20:46:23.674593
1 Bed Apartment with En Suite in Kilimani,"KSh 5,400,000",Kilimani,1 Bedrooms,2 Bathrooms,https://www.buyrentkenya.com/listings/1-bedroom-apartment-for-sale-kilimani-4009475,2026-06-26T20:46:23.752119
2 Bed Apartment with En Suite in Kilimani,"KSh 6,500,000",Kilimani,2 Bedrooms,3 Bathrooms,https://www.buyrentkenya.com/listings/2-bedroom-apartment-for-sale-kilimani-4016845,2026-06-26T20:46:23.831929
1 Bed Apartment with En Suite in Westlands Area,"KSh 6,000,000","Westlands Area, Westlands",1 Bedrooms,2 Bathrooms,https://www.buyrentkenya.com/listings/1-bedroom-apartment-for-sale-westlands-area-4016811,2026-06-26T20:46:23.910612
1 Bed Apartment with En Suite in Westlands Area,"KSh 7,000,000","Westlands Area, Westlands",1 Bedrooms,2 Bathrooms,https://www.buyrentkenya.com/listings/1-bedroom-apartment-for-sale-westlands-area-4016808,2026-06-26T20:46:23.987352
1 Bed Apartment with En Suite in Westlands Area,"KSh 6,000,000","Westlands Area, Westlands",1 Bedrooms,2 Bathrooms,https://www.buyrentkenya.com/listings/1-bedroom-apartment-for-sale-westlands-area-4016804,2026-06-26T20:46:24.065473
2 Bed Apartment with En Suite at Vihiga Road,"KSh 10,800,000",Kileleshwa,2 Bedrooms,3 Bathrooms,https://www.buyrentkenya.com/listings/2-bedroom-apartment-for-sale-kileleshwa-4017208,2026-06-26T20:46:54.985172
Furnished 2 Bed Apartment with En Suite in Westlands Area,"KSh 14,200,000","Westlands Area, Westlands",2 Bedrooms,2 Bathrooms,https://www.buyrentkenya.com/listings/furnished-2-bedroom-apartment-for-sale-westlands-area-4017199,2026-06-26T20:46:55.065244
4 Bed Apartment with En Suite in Kileleshwa,"KSh 13,000,000",Kileleshwa,4 Bedrooms,5 Bathrooms,https://www.buyrentkenya.com/listings/4-bedroom-apartment-for-sale-kileleshwa-4017207,2026-06-26T20:46:55.142546
1 Bed Apartment with En Suite at Vihiga Road,"KSh 6,000,000",Kileleshwa,1 Bedrooms,1 Bathrooms,https://www.buyrentkenya.com/listings/1-bedroom-apartment-for-sale-kileleshwa-4017202,2026-06-26T20:46:55.219969
3 Bed Apartment with En Suite in Kileleshwa,"KSh 10,500,000",Kileleshwa,3 Bedrooms,3 Bathrooms,https://www.buyrentkenya.com/listings/3-bedroom-apartment-for-sale-kileleshwa-4017205,2026-06-26T20:46:55.299237
2 Bed Apartment with En Suite in Kileleshwa,"KSh 7,000,000",Kileleshwa,2 Bedrooms,2 Bathrooms,https://www.buyrentkenya.com/listings/2-bedroom-apartment-for-sale-kileleshwa-4017204,2026-06-26T20:46:55.375479
1 Bed Apartment with En Suite in Kileleshwa,"KSh 4,000,000",Kileleshwa,1 Bedrooms,1 Bathrooms,https://www.buyrentkenya.com/listings/1-bedroom-apartment-for-sale-kileleshwa-4017203,2026-06-26T20:46:55.453880
1 Bed Apartment with En Suite in Kilimani,"KSh 3,000,000",Kilimani,1 Bedrooms,1 Bathrooms,https://www.buyrentkenya.com/listings/1-bedroom-apartment-for-sale-kilimani-4016347,2026-06-26T20:47:27.054742
2 Bed Apartment with En Suite in Kilimani,"KSh 6,000,000",Kilimani,2 Bedrooms,2 Bathrooms,https://www.buyrentkenya.com/listings/2-bedroom-apartment-for-sale-kilimani-4016350,2026-06-26T20:47:27.140329
3 Bed Apartment with En Suite in Kilimani,"KSh 9,000,000",Kilimani,3 Bedrooms,3 Bathrooms,https://www.buyrentkenya.com/listings/3-bedroom-apartment-for-sale-kilimani-4016352,2026-06-26T20:47:27.220050
2 Bed Apartment with En Suite in Lavington,"KSh 13,200,000",Lavington,2 Bedrooms,2 Bathrooms,https://www.buyrentkenya.com/listings/2-bedroom-apartment-for-sale-lavington-4017102,2026-06-26T20:47:27.297947
1 Bed Apartment with En Suite in Kilimani,"KSh 15,600,000",Kilimani,1 Bedrooms,,https://www.buyrentkenya.com/listings/1-bedroom-apartment-for-sale-kilimani-4017096,2026-06-26T20:47:27.368770
1 Bed Apartment with En Suite in Kileleshwa,"KSh 5,000,000",Kileleshwa,1 Bedrooms,1 Bathrooms,https://www.buyrentkenya.com/listings/1-bedroom-apartment-for-sale-kileleshwa-4017108,2026-06-26T20:47:27.445356
Serviced 2 Bed Apartment with En Suite in Kileleshwa,"KSh 7,400,000",Kileleshwa,2 Bedrooms,2 Bathrooms,https://www.buyrentkenya.com/listings/2-bedroom-apartment-for-sale-kileleshwa-4017104,2026-06-26T20:47:27.521192
3 Bed Apartment with En Suite in Lavington,"KSh 10,000,000",Lavington,3 Bedrooms,2 Bathrooms,https://www.buyrentkenya.com/listings/3-bedroom-apartment-for-sale-lavington-4015454,2026-06-26T20:47:58.907268
2 Bed Apartment with En Suite in Lavington,"KSh 6,000,000",Lavington,2 Bedrooms,1 Bathrooms,https://www.buyrentkenya.com/listings/2-bedroom-apartment-for-sale-lavington-4015450,2026-06-26T20:47:58.987529
1 Bed Apartment with En Suite in Lavington,"KSh 3,000,000",Lavington,1 Bedrooms,1 Bathrooms,https://www.buyrentkenya.com/listings/1-bedroom-apartment-for-sale-lavington-4015445,2026-06-26T20:47:59.068544
4 Bed Apartment with En Suite in Kileleshwa,"KSh 13,500,000",Kileleshwa,4 Bedrooms,4 Bathrooms,https://www.buyrentkenya.com/listings/4-bedroom-apartment-for-sale-kileleshwa-4015459,2026-06-26T20:47:59.144463
3 Bed Apartment with En Suite in Kileleshwa,"KSh 10,000,000",Kileleshwa,3 Bedrooms,2 Bathrooms,https://www.buyrentkenya.com/listings/3-bedroom-apartment-for-sale-kileleshwa-4015452,2026-06-26T20:47:59.221687
2 Bed Apartment with En Suite in Kileleshwa,"KSh 6,000,000",Kileleshwa,2 Bedrooms,1 Bathrooms,https://www.buyrentkenya.com/listings/2-bedroom-apartment-for-sale-kileleshwa-4015449,2026-06-26T20:47:59.299270
1 Bed Apartment with En Suite in Kileleshwa,"KSh 3,000,000",Kileleshwa,1 Bedrooms,1 Bathrooms,https://www.buyrentkenya.com/listings/1-bedroom-apartment-for-sale-kileleshwa-4015444,2026-06-26T20:47:59.377491
2 Bed Apartment with En Suite in Kileleshwa,"KSh 6,000,000",Kileleshwa,2 Bedrooms,2 Bathrooms,https://www.buyrentkenya.com/listings/2-bedroom-apartment-for-sale-kileleshwa-4016548,2026-06-26T20:48:29.967940
1 Bed Apartment with En Suite in Kileleshwa,"KSh 3,000,000",Kileleshwa,1 Bedrooms,1 Bathrooms,https://www.buyrentkenya.com/listings/1-bedroom-apartment-for-sale-kileleshwa-4016543,2026-06-26T20:48:30.049333
4 Bed Apartment with En Suite in Lavington,"KSh 13,000,000",Lavington,4 Bedrooms,5 Bathrooms,https://www.buyrentkenya.com/listings/4-bedroom-apartment-for-sale-lavington-4016530,2026-06-26T20:48:30.127610
3 Bed Apartment with En Suite in Lavington,"KSh 9,000,000",Lavington,3 Bedrooms,3 Bathrooms,https://www.buyrentkenya.com/listings/3-bedroom-apartment-for-sale-lavington-4016523,2026-06-26T20:48:30.207352
2 Bed Apartment with En Suite in Lavington,"KSh 6,000,000",Lavington,2 Bedrooms,2 Bathrooms,https://www.buyrentkenya.com/listings/2-bedroom-apartment-for-sale-lavington-4016517,2026-06-26T20:48:30.294412
1 Bed Apartment with En Suite in Lavington,"KSh 3,000,000",Lavington,1 Bedrooms,1 Bathrooms,https://www.buyrentkenya.com/listings/1-bedroom-apartment-for-sale-lavington-4016513,2026-06-26T20:48:30.376666
4 Bed Apartment with En Suite in Kileleshwa,"KSh 13,000,000",Kileleshwa,4 Bedrooms,5 Bathrooms,https://www.buyrentkenya.com/listings/4-bedroom-apartment-for-sale-kileleshwa-4016556,2026-06-26T20:48:30.454776
4 Bed Apartment with En Suite in Westlands Area,"KSh 17,900,000","Westlands Area, Westlands",4 Bedrooms,4 Bathrooms,https://www.buyrentkenya.com/listings/4-bedroom-apartment-for-sale-westlands-area-4015211,2026-06-26T20:49:00.236458
3 Bed Apartment with En Suite in Westlands Area,"KSh 11,000,000","Westlands Area, Westlands",3 Bedrooms,3 Bathrooms,https://www.buyrentkenya.com/listings/3-bedroom-apartment-for-sale-westlands-area-4016123,2026-06-26T20:49:00.358816
3 Bed Apartment with En Suite in Westlands Area,"KSh 11,000,000","Westlands Area, Westlands",3 Bedrooms,3 Bathrooms,https://www.buyrentkenya.com/listings/3-bedroom-apartment-for-sale-westlands-area-4015205,2026-06-26T20:49:00.437359
2 Bed Apartment with En Suite in Westlands Area,"KSh 7,000,000","Westlands Area, Westlands",2 Bedrooms,2 Bathrooms,https://www.buyrentkenya.com/listings/2-bedroom-apartment-for-sale-westlands-area-4016122,2026-06-26T20:49:00.513887
1 Bed Apartment with En Suite in Westlands Area,"KSh 4,000,000","Westlands Area, Westlands",1 Bedrooms,1 Bathrooms,https://www.buyrentkenya.com/listings/1-bedroom-apartment-for-sale-westlands-area-4016114,2026-06-26T20:49:00.594927
1 Bed Apartment with En Suite in Westlands Area,"KSh 4,000,000","Westlands Area, Westlands",1 Bedrooms,1 Bathrooms,https://www.buyrentkenya.com/listings/1-bedroom-apartment-for-sale-westlands-area-4016113,2026-06-26T20:49:00.687100
4 Bed Apartment with En Suite in Westlands Area,"KSh 18,000,000","Westlands Area, Westlands",4 Bedrooms,4 Bathrooms,https://www.buyrentkenya.com/listings/4-bedroom-apartment-for-sale-westlands-area-4016948,2026-06-26T20:49:00.769691
4 Bed Apartment with En Suite at General Mathenge Road,"KSh 50,000,000","Westlands Area, Westlands",4 Bedrooms,4 Bathrooms,https://www.buyrentkenya.com/listings/4-bedroom-apartment-for-sale-westlands-area-4006215,2026-06-26T20:49:31.556321
4 Bed Apartment with En Suite in Kilimani,"KSh 13,000,000",Kilimani,4 Bedrooms,4 Bathrooms,https://www.buyrentkenya.com/listings/4-bedroom-apartment-for-sale-kilimani-4013254,2026-06-26T20:49:31.638621
4 Bed Apartment with En Suite in Westlands Area,"KSh 17,900,000","Westlands Area, Westlands",4 Bedrooms,4 Bathrooms,https://www.buyrentkenya.com/listings/4-bedroom-apartment-for-sale-westlands-area-4013276,2026-06-26T20:49:31.719137
3 Bed Apartment with En Suite in Westlands Area,"KSh 11,000,000","Westlands Area, Westlands",3 Bedrooms,3 Bathrooms,https://www.buyrentkenya.com/listings/3-bedroom-apartment-for-sale-westlands-area-4013268,2026-06-26T20:49:31.806828
4 Bed Apartment with En Suite in Westlands Area,"KSh 18,000,000","Westlands Area, Westlands",4 Bedrooms,4 Bathrooms,https://www.buyrentkenya.com/listings/4-bedroom-apartment-for-sale-westlands-area-4016984,2026-06-26T20:49:31.887513
4 Bed Apartment with En Suite in Lavington,"KSh 13,500,000",Lavington,4 Bedrooms,4 Bathrooms,https://www.buyrentkenya.com/listings/4-bedroom-apartment-for-sale-lavington-4016983,2026-06-26T20:49:31.972328
4 Bed Apartment with En Suite in Kileleshwa,"KSh 13,500,000",Kileleshwa,4 Bedrooms,4 Bathrooms,https://www.buyrentkenya.com/listings/4-bedroom-apartment-for-sale-kileleshwa-4016982,2026-06-26T20:49:32.050994
2 Bed Apartment with En Suite in Kilimani,"KSh 6,000,000",Kilimani,2 Bedrooms,2 Bathrooms,https://www.buyrentkenya.com/listings/2-bedroom-apartment-for-sale-kilimani-4013240,2026-06-26T20:50:03.403470
1 Bed Apartment with En Suite in Kilimani,"KSh 3,000,000",Kilimani,1 Bedrooms,1 Bathrooms,https://www.buyrentkenya.com/listings/1-bedroom-apartment-for-sale-kilimani-4013235,2026-06-26T20:50:03.485031
1 Bed Apartment with En Suite in Kilimani,"KSh 3,000,000",Kilimani,1 Bedrooms,1 Bathrooms,https://www.buyrentkenya.com/listings/1-bedroom-apartment-for-sale-kilimani-4013232,2026-06-26T20:50:03.561542
2 Bed Apartment with En Suite in Kilimani,"KSh 6,000,000",Kilimani,2 Bedrooms,1 Bathrooms,https://www.buyrentkenya.com/listings/2-bedroom-apartment-for-sale-kilimani-4016969,2026-06-26T20:50:03.638970
1 Bed Apartment with En Suite in Lavington,"KSh 3,000,000",Lavington,1 Bedrooms,1 Bathrooms,https://www.buyrentkenya.com/listings/1-bedroom-apartment-for-sale-lavington-4016966,2026-06-26T20:50:03.727882
1 Bed Apartment with En Suite in Kileleshwa,"KSh 3,000,000",Kileleshwa,1 Bedrooms,1 Bathrooms,https://www.buyrentkenya.com/listings/1-bedroom-apartment-for-sale-kileleshwa-4016964,2026-06-26T20:50:03.848043
1 Bed Apartment with En Suite in Kilimani,"KSh 3,000,000",Kilimani,1 Bedrooms,1 Bathrooms,https://www.buyrentkenya.com/listings/1-bedroom-apartment-for-sale-kilimani-4016963,2026-06-26T20:50:03.930911
4 Bed Apartment with En Suite in Kilimani,"KSh 13,000,000",Kilimani,4 Bedrooms,4 Bathrooms,https://www.buyrentkenya.com/listings/4-bedroom-apartment-for-sale-kilimani-4015647,2026-06-26T20:50:34.657320
4 Bed Apartment with En Suite in Kilimani,"KSh 13,000,000",Kilimani,4 Bedrooms,4 Bathrooms,https://www.buyrentkenya.com/listings/4-bedroom-apartment-for-sale-kilimani-4016109,2026-06-26T20:50:34.738422
4 Bed Apartment with En Suite in Kileleshwa,"KSh 13,000,000",Kileleshwa,4 Bedrooms,5 Bathrooms,https://www.buyrentkenya.com/listings/4-bedroom-apartment-for-sale-kileleshwa-4016428,2026-06-26T20:50:34.816841
4 Bed Apartment with En Suite in Kileleshwa,"KSh 13,000,000",Kileleshwa,4 Bedrooms,5 Bathrooms,https://www.buyrentkenya.com/listings/4-bedroom-apartment-for-sale-kileleshwa-4016222,2026-06-26T20:50:34.895222
1 Bed Apartment with En Suite in Kileleshwa,"KSh 3,000,000",Kileleshwa,1 Bedrooms,1 Bathrooms,https://www.buyrentkenya.com/listings/1-bedroom-apartment-for-sale-kileleshwa-4016214,2026-06-26T20:50:34.974476
1 Bed Apartment with En Suite in Kileleshwa,"KSh 3,000,000",Kileleshwa,1 Bedrooms,1 Bathrooms,https://www.buyrentkenya.com/listings/1-bedroom-apartment-for-sale-kileleshwa-4016419,2026-06-26T20:50:35.053759
4 Bed Apartment with En Suite in Westlands Area,"KSh 18,000,000","Westlands Area, Westlands",4 Bedrooms,4 Bathrooms,https://www.buyrentkenya.com/listings/4-bedroom-apartment-for-sale-westlands-area-4016927,2026-06-26T20:50:35.131052
2 Bed Apartment with En Suite in Kilimani,"KSh 6,000,000",Kilimani,2 Bedrooms,2 Bathrooms,https://www.buyrentkenya.com/listings/2-bedroom-apartment-for-sale-kilimani-4015641,2026-06-26T20:51:06.785282
2 Bed Apartment with En Suite in Kilimani,"KSh 7,000,000",Kilimani,2 Bedrooms,2 Bathrooms,https://www.buyrentkenya.com/listings/2-bedroom-apartment-for-sale-kilimani-4015640,2026-06-26T20:51:06.867732
1 Bed Apartment with En Suite in Kilimani,"KSh 3,000,000",Kilimani,1 Bedrooms,1 Bathrooms,https://www.buyrentkenya.com/listings/1-bedroom-apartment-for-sale-kilimani-4015160,2026-06-26T20:51:06.948479
3 Bed Apartment with En Suite in Lavington,"KSh 10,000,000",Lavington,3 Bedrooms,2 Bathrooms,https://www.buyrentkenya.com/listings/3-bedroom-apartment-for-sale-lavington-4016919,2026-06-26T20:51:07.034104
1 Bed Apartment with En Suite in Kilimani,"KSh 3,000,000",Kilimani,1 Bedrooms,1 Bathrooms,https://www.buyrentkenya.com/listings/1-bedroom-apartment-for-sale-kilimani-4015159,2026-06-26T20:51:07.121662
3 Bed Apartment with En Suite in Kileleshwa,"KSh 10,000,000",Kileleshwa,3 Bedrooms,2 Bathrooms,https://www.buyrentkenya.com/listings/3-bedroom-apartment-for-sale-kileleshwa-4016917,2026-06-26T20:51:07.220178
2 Bed Apartment with En Suite at Westlands,"KSh 14,100,000","Westlands Area, Westlands",2 Bedrooms,2 Bathrooms,https://www.buyrentkenya.com/listings/2-bedroom-apartment-for-sale-westlands-area-4016928,2026-06-26T20:51:07.308699
3 Bed Apartment with En Suite in Kilimani,"KSh 9,000,000",Kilimani,3 Bedrooms,3 Bathrooms,https://www.buyrentkenya.com/listings/3-bedroom-apartment-for-sale-kilimani-4014391,2026-06-26T20:51:39.431926
4 Bed Apartment with En Suite in Kilimani,"KSh 13,000,000",Kilimani,4 Bedrooms,4 Bathrooms,https://www.buyrentkenya.com/listings/4-bedroom-apartment-for-sale-kilimani-4013252,2026-06-26T20:51:39.518250
4 Bed Apartment with En Suite in Westlands Area,"KSh 17,900,000","Westlands Area, Westlands",4 Bedrooms,4 Bathrooms,https://www.buyrentkenya.com/listings/4-bedroom-apartment-for-sale-westlands-area-4014421,2026-06-26T20:51:39.597320
3 Bed Apartment with En Suite in Westlands Area,"KSh 11,000,000","Westlands Area, Westlands",3 Bedrooms,3 Bathrooms,https://www.buyrentkenya.com/listings/3-bedroom-apartment-for-sale-westlands-area-4014411,2026-06-26T20:51:39.675258
2 Bed Apartment with En Suite in Westlands Area,"KSh 7,000,000","Westlands Area, Westlands",2 Bedrooms,2 Bathrooms,https://www.buyrentkenya.com/listings/2-bedroom-apartment-for-sale-westlands-area-4013263,2026-06-26T20:51:39.753090
6 Bed Apartment with En Suite at General Mathenge,"KSh 73,000,000","General Mathenge, Westlands",6 Bedrooms,6 Bathrooms,https://www.buyrentkenya.com/listings/6-bedroom-apartment-for-sale-general-mathenge-4016894,2026-06-26T20:51:39.831647
2 Bed Apartment with En Suite in Westlands Area,"KSh 7,000,000","Westlands Area, Westlands",2 Bedrooms,2 Bathrooms,https://www.buyrentkenya.com/listings/2-bedroom-apartment-for-sale-westlands-area-4014407,2026-06-26T20:51:39.909796
1 Bed Apartment with En Suite in Kileleshwa,"KSh 3,000,000",Kileleshwa,1 Bedrooms,1 Bathrooms,https://www.buyrentkenya.com/listings/1-bedroom-apartment-for-sale-kileleshwa-4016820,2026-06-26T20:52:13.370130
1 Bed Apartment with En Suite in Kilimani,"KSh 3,000,000",Kilimani,1 Bedrooms,1 Bathrooms,https://www.buyrentkenya.com/listings/1-bedroom-apartment-for-sale-kilimani-4016818,2026-06-26T20:52:13.450164
4 Bed Apartment with En Suite in Kilimani,"KSh 13,000,000",Kilimani,4 Bedrooms,4 Bathrooms,https://www.buyrentkenya.com/listings/4-bedroom-apartment-for-sale-kilimani-4015177,2026-06-26T20:52:13.527948
3 Bed Apartment with En Suite in Kilimani,"KSh 9,000,000",Kilimani,3 Bedrooms,3 Bathrooms,https://www.buyrentkenya.com/listings/3-bedroom-apartment-for-sale-kilimani-4015169,2026-06-26T20:52:13.606938
2 Bed Apartment with En Suite in Kilimani,"KSh 6,000,000",Kilimani,2 Bedrooms,2 Bathrooms,https://www.buyrentkenya.com/listings/2-bedroom-apartment-for-sale-kilimani-4015165,2026-06-26T20:52:13.683235
2 Bed Apartment with En Suite in Kilimani,"KSh 6,000,000",Kilimani,2 Bedrooms,2 Bathrooms,https://www.buyrentkenya.com/listings/2-bedroom-apartment-for-sale-kilimani-4015163,2026-06-26T20:52:13.760155
1 Bed Apartment with En Suite in Kilimani,"KSh 3,000,000",Kilimani,1 Bedrooms,1 Bathrooms,https://www.buyrentkenya.com/listings/1-bedroom-apartment-for-sale-kilimani-4016093,2026-06-26T20:52:13.837069
3 Bed Apartment with En Suite in Kileleshwa,"KSh 9,000,000",Kileleshwa,3 Bedrooms,3 Bathrooms,https://www.buyrentkenya.com/listings/3-bedroom-apartment-for-sale-kileleshwa-4016427,2026-06-26T20:52:45.159476
1 Bed Apartment with En Suite in Kileleshwa,"KSh 3,000,000",Kileleshwa,1 Bedrooms,1 Bathrooms,https://www.buyrentkenya.com/listings/1-bedroom-apartment-for-sale-kileleshwa-4016215,2026-06-26T20:52:45.241839
2 Bed Apartment with En Suite in Kileleshwa,"KSh 6,000,000",Kileleshwa,2 Bedrooms,2 Bathrooms,https://www.buyrentkenya.com/listings/2-bedroom-apartment-for-sale-kileleshwa-4016217,2026-06-26T20:52:45.321910
4 Bed Apartment with En Suite in Lavington,"KSh 13,000,000",Lavington,4 Bedrooms,5 Bathrooms,https://www.buyrentkenya.com/listings/4-bedroom-apartment-for-sale-lavington-4016213,2026-06-26T20:52:45.401571
3 Bed Apartment with En Suite in Lavington,"KSh 9,000,000",Lavington,3 Bedrooms,3 Bathrooms,https://www.buyrentkenya.com/listings/3-bedroom-apartment-for-sale-lavington-4016211,2026-06-26T20:52:45.480142
2 Bed Apartment with En Suite in Lavington,"KSh 6,000,000",Lavington,2 Bedrooms,2 Bathrooms,https://www.buyrentkenya.com/listings/2-bedroom-apartment-for-sale-lavington-4016207,2026-06-26T20:52:45.557728
1 Bed Apartment with En Suite in Lavington,"KSh 3,000,000",Lavington,1 Bedrooms,1 Bathrooms,https://www.buyrentkenya.com/listings/1-bedroom-apartment-for-sale-lavington-4016205,2026-06-26T20:52:45.636635
4 Bed Apartment with En Suite in Lavington,"KSh 13,000,000",Lavington,4 Bedrooms,5 Bathrooms,https://www.buyrentkenya.com/listings/4-bedroom-apartment-for-sale-lavington-4016566,2026-06-26T20:53:16.551525
4 Bed Apartment with En Suite in Kileleshwa,"KSh 13,000,000",Kileleshwa,4 Bedrooms,5 Bathrooms,https://www.buyrentkenya.com/listings/4-bedroom-apartment-for-sale-kileleshwa-4016576,2026-06-26T20:53:16.632598
3 Bed Apartment with En Suite in Kileleshwa,"KSh 9,000,000",Kileleshwa,3 Bedrooms,3 Bathrooms,https://www.buyrentkenya.com/listings/3-bedroom-apartment-for-sale-kileleshwa-4016575,2026-06-26T20:53:16.709695
2 Bed Apartment with En Suite in Kileleshwa,"KSh 6,000,000",Kileleshwa,2 Bedrooms,2 Bathrooms,https://www.buyrentkenya.com/listings/2-bedroom-apartment-for-sale-kileleshwa-4016574,2026-06-26T20:53:16.786875
1 Bed Apartment with En Suite in Kileleshwa,"KSh 3,000,000",Kileleshwa,1 Bedrooms,1 Bathrooms,https://www.buyrentkenya.com/listings/1-bedroom-apartment-for-sale-kileleshwa-4016571,2026-06-26T20:53:16.864818
4 Bed Apartment with En Suite in Westlands Area,"KSh 18,000,000","Westlands Area, Westlands",4 Bedrooms,4 Bathrooms,https://www.buyrentkenya.com/listings/4-bedroom-apartment-for-sale-westlands-area-4016816,2026-06-26T20:53:16.942342
4 Bed Apartment with En Suite in Lavington,"KSh 13,500,000",Lavington,4 Bedrooms,4 Bathrooms,https://www.buyrentkenya.com/listings/4-bedroom-apartment-for-sale-lavington-4016814,2026-06-26T20:53:17.021735
2 Bed Apartment with En Suite in Westlands Area,"KSh 7,000,000","Westlands Area, Westlands",2 Bedrooms,2 Bathrooms,https://www.buyrentkenya.com/listings/2-bedroom-apartment-for-sale-westlands-area-4011810,2026-06-26T20:53:49.805312
3 Bed Apartment with En Suite in Westlands Area,"KSh 11,000,000","Westlands Area, Westlands",3 Bedrooms,3 Bathrooms,https://www.buyrentkenya.com/listings/3-bedroom-apartment-for-sale-westlands-area-4013266,2026-06-26T20:53:49.884322
4 Bed Apartment with En Suite in Westlands Area,"KSh 17,900,000","Westlands Area, Westlands",4 Bedrooms,4 Bathrooms,https://www.buyrentkenya.com/listings/4-bedroom-apartment-for-sale-westlands-area-4013274,2026-06-26T20:53:49.961241
4 Bed Apartment with En Suite in Kilimani,"KSh 13,000,000",Kilimani,4 Bedrooms,4 Bathrooms,https://www.buyrentkenya.com/listings/4-bedroom-apartment-for-sale-kilimani-4013253,2026-06-26T20:53:50.038146
3 Bed Apartment with En Suite in Kilimani,"KSh 9,000,000",Kilimani,3 Bedrooms,3 Bathrooms,https://www.buyrentkenya.com/listings/3-bedroom-apartment-for-sale-kilimani-4013245,2026-06-26T20:53:50.114778
2 Bed Apartment with En Suite in Kilimani,"KSh 6,000,000",Kilimani,2 Bedrooms,2 Bathrooms,https://www.buyrentkenya.com/listings/2-bedroom-apartment-for-sale-kilimani-4012604,2026-06-26T20:53:50.191755
2 Bed Apartment with En Suite in Kilimani,"KSh 6,000,000",Kilimani,2 Bedrooms,2 Bathrooms,https://www.buyrentkenya.com/listings/2-bedroom-apartment-for-sale-kilimani-4011757,2026-06-26T20:53:50.273134
1 Bed Apartment with En Suite in Kileleshwa,"KSh 3,000,000",Kileleshwa,1 Bedrooms,1 Bathrooms,https://www.buyrentkenya.com/listings/1-bedroom-apartment-for-sale-kileleshwa-4016763,2026-06-26T20:54:23.253611
1 Bed Apartment with En Suite in Lavington,"KSh 3,000,000",Lavington,1 Bedrooms,1 Bathrooms,https://www.buyrentkenya.com/listings/1-bedroom-apartment-for-sale-lavington-4016765,2026-06-26T20:54:23.334270
1 Bed Apartment with En Suite in Kilimani,"KSh 3,000,000",Kilimani,1 Bedrooms,1 Bathrooms,https://www.buyrentkenya.com/listings/1-bedroom-apartment-for-sale-kilimani-4016762,2026-06-26T20:54:23.410493
1 Bed Apartment with En Suite in Lavington,"KSh 8,000,000",Lavington,1 Bedrooms,2 Bathrooms,https://www.buyrentkenya.com/listings/1-bedroom-apartment-for-sale-lavington-4009736,2026-06-26T20:54:23.488214
2 Bed Apartment with En Suite in Lavington,"KSh 10,000,000",Lavington,2 Bedrooms,3 Bathrooms,https://www.buyrentkenya.com/listings/2-bedroom-apartment-for-sale-lavington-4009733,2026-06-26T20:54:23.567121
2 Bed Apartment with En Suite in Kileleshwa,"KSh 8,000,000",Kileleshwa,2 Bedrooms,3 Bathrooms,https://www.buyrentkenya.com/listings/2-bedroom-apartment-for-sale-kileleshwa-4009601,2026-06-26T20:54:23.644014
3 Bed Apartment with En Suite in Kileleshwa,"KSh 13,000,000",Kileleshwa,3 Bedrooms,4 Bathrooms,https://www.buyrentkenya.com/listings/3-bedroom-apartment-for-sale-kileleshwa-4009599,2026-06-26T20:54:23.721047
4 Bed Apartment with En Suite in Kilimani,"KSh 13,000,000",Kilimani,4 Bedrooms,4 Bathrooms,https://www.buyrentkenya.com/listings/4-bedroom-apartment-for-sale-kilimani-4014397,2026-06-26T20:54:54.922535
1 Bed Apartment with En Suite in Westlands Area,"KSh 7,000,000","Westlands Area, Westlands",1 Bedrooms,2 Bathrooms,https://www.buyrentkenya.com/listings/1-bedroom-apartment-for-sale-westlands-area-4009670,2026-06-26T20:54:55.005328
2 Bed Apartment with En Suite in Riverside,"KSh 12,000,000","Riverside, Westlands",2 Bedrooms,3 Bathrooms,https://www.buyrentkenya.com/listings/2-bedroom-apartment-for-sale-riverside-4009763,2026-06-26T20:54:55.083068
3 Bed Apartment with En Suite in Westlands Area,"KSh 13,000,000","Westlands Area, Westlands",3 Bedrooms,4 Bathrooms,https://www.buyrentkenya.com/listings/3-bedroom-apartment-for-sale-westlands-area-4015818,2026-06-26T20:54:55.160195
2 Bed Apartment with En Suite in Kilimani,"KSh 6,000,000",Kilimani,2 Bedrooms,2 Bathrooms,https://www.buyrentkenya.com/listings/2-bedroom-apartment-for-sale-kilimani-4014388,2026-06-26T20:54:55.237263
4 Bed Apartment with En Suite in Westlands Area,"KSh 18,000,000","Westlands Area, Westlands",4 Bedrooms,4 Bathrooms,https://www.buyrentkenya.com/listings/4-bedroom-apartment-for-sale-westlands-area-4016786,2026-06-26T20:54:55.315767
3 Bed Apartment with En Suite in Kilimani,"KSh 9,000,000",Kilimani,3 Bedrooms,3 Bathrooms,https://www.buyrentkenya.com/listings/3-bedroom-apartment-for-sale-kilimani-4014392,2026-06-26T20:54:55.393571
1 Bed Apartment with En Suite in Westlands Area,"KSh 4,000,000","Westlands Area, Westlands",1 Bedrooms,1 Bathrooms,https://www.buyrentkenya.com/listings/1-bedroom-apartment-for-sale-westlands-area-4016757,2026-06-26T20:55:29.876249
2 Bed Apartment with En Suite in Kilimani,"KSh 6,000,000",Kilimani,2 Bedrooms,2 Bathrooms,https://www.buyrentkenya.com/listings/2-bedroom-apartment-for-sale-kilimani-4014387,2026-06-26T20:55:29.979776
2 Bed Apartment with En Suite in Westlands Area,"KSh 7,000,000","Westlands Area, Westlands",2 Bedrooms,2 Bathrooms,https://www.buyrentkenya.com/listings/2-bedroom-apartment-for-sale-westlands-area-4014405,2026-06-26T20:55:30.098313
1 Bed Apartment with En Suite in Lavington,"KSh 3,000,000",Lavington,1 Bedrooms,1 Bathrooms,https://www.buyrentkenya.com/listings/1-bedroom-apartment-for-sale-lavington-4016756,2026-06-26T20:55:30.175938
1 Bed Apartment with En Suite in Kileleshwa,"KSh 3,000,000",Kileleshwa,1 Bedrooms,1 Bathrooms,https://www.buyrentkenya.com/listings/1-bedroom-apartment-for-sale-kileleshwa-4016753,2026-06-26T20:55:30.252718
1 Bed Apartment with En Suite in Kilimani,"KSh 3,000,000",Kilimani,1 Bedrooms,1 Bathrooms,https://www.buyrentkenya.com/listings/1-bedroom-apartment-for-sale-kilimani-4016752,2026-06-26T20:55:30.333551
3 Bed Apartment with En Suite in Garden Estate,"KSh 12,500,000","Garden Estate, Roysambu",3 Bedrooms,3 Bathrooms,https://www.buyrentkenya.com/listings/3-bedroom-apartment-for-sale-garden-estate-4016730,2026-06-26T20:55:30.413301
3 Bed Apartment with En Suite at Westlands Avenue,"KSh 33,000,000","Rhapta Road, Westlands",3 Bedrooms,3 Bathrooms,https://www.buyrentkenya.com/listings/3-bedroom-apartment-for-sale-rhapta-road-4016705,2026-06-26T20:56:03.594269
1 Bed Apartment with En Suite in Kilimani,"KSh 4,000,000",Kilimani,1 Bedrooms,1 Bathrooms,https://www.buyrentkenya.com/listings/1-bedroom-apartment-for-sale-kilimani-4016247,2026-06-26T20:56:03.672425
1 Bed Apartment with En Suite in Kilimani,"KSh 3,000,000",Kilimani,1 Bedrooms,1 Bathrooms,https://www.buyrentkenya.com/listings/1-bedroom-apartment-for-sale-kilimani-4013392,2026-06-26T20:56:03.752021
1 Bed Apartment with En Suite in Kilimani,"KSh 4,000,000",Kilimani,1 Bedrooms,1 Bathrooms,https://www.buyrentkenya.com/listings/1-bedroom-apartment-for-sale-kilimani-4013743,2026-06-26T20:56:03.829568
2 Bed Apartment with En Suite in Kilimani,"KSh 6,000,000",Kilimani,2 Bedrooms,2 Bathrooms,https://www.buyrentkenya.com/listings/2-bedroom-apartment-for-sale-kilimani-4016256,2026-06-26T20:56:03.906023
2 Bed Apartment with En Suite in Kilimani,"KSh 6,000,000",Kilimani,2 Bedrooms,2 Bathrooms,https://www.buyrentkenya.com/listings/2-bedroom-apartment-for-sale-kilimani-4013746,2026-06-26T20:56:03.983649
2 Bed Apartment with En Suite in Kilimani,"KSh 7,000,000",Kilimani,2 Bedrooms,2 Bathrooms,https://www.buyrentkenya.com/listings/2-bedroom-apartment-for-sale-kilimani-4012126,2026-06-26T20:56:04.152380
4 Bed Apartment with En Suite in Kilimani,"KSh 13,000,000",Kilimani,4 Bedrooms,4 Bathrooms,https://www.buyrentkenya.com/listings/4-bedroom-apartment-for-sale-kilimani-4014343,2026-06-26T20:56:38.250300
4 Bed Apartment with En Suite in Kilimani,"KSh 13,000,000",Kilimani,4 Bedrooms,4 Bathrooms,https://www.buyrentkenya.com/listings/4-bedroom-apartment-for-sale-kilimani-4014341,2026-06-26T20:56:38.332985
4 Bed Apartment with En Suite in Westlands Area,"KSh 17,900,000","Westlands Area, Westlands",4 Bedrooms,4 Bathrooms,https://www.buyrentkenya.com/listings/4-bedroom-apartment-for-sale-westlands-area-4014375,2026-06-26T20:56:38.411067
4 Bed Apartment with En Suite in Westlands Area,"KSh 17,900,000","Westlands Area, Westlands",4 Bedrooms,4 Bathrooms,https://www.buyrentkenya.com/listings/4-bedroom-apartment-for-sale-westlands-area-4014374,2026-06-26T20:56:38.488272
4 Bed Apartment with En Suite in Westlands Area,"KSh 17,900,000","Westlands Area, Westlands",4 Bedrooms,4 Bathrooms,https://www.buyrentkenya.com/listings/4-bedroom-apartment-for-sale-westlands-area-4014373,2026-06-26T20:56:38.579515
3 Bed Apartment with En Suite in Westlands Area,"KSh 11,000,000","Westlands Area, Westlands",3 Bedrooms,3 Bathrooms,https://www.buyrentkenya.com/listings/3-bedroom-apartment-for-sale-westlands-area-4014361,2026-06-26T20:56:38.663923
3 Bed Apartment with En Suite in Westlands Area,"KSh 11,000,000","Westlands Area, Westlands",3 Bedrooms,3 Bathrooms,https://www.buyrentkenya.com/listings/3-bedroom-apartment-for-sale-westlands-area-4014353,2026-06-26T20:56:38.742442
3 Bed Apartment with En Suite in Diani,"KSh 25,000,000",Diani,3 Bedrooms,3 Bathrooms,https://www.buyrentkenya.com/listings/3-bedroom-apartment-for-sale-diani-4016673,2026-06-26T20:57:10.842535
1 Bed Apartment with Swimming Pool at Eldama Ravine Rd,"KSh 8,700,000","Westlands Area, Westlands",1 Bedrooms,1 Bathrooms,https://www.buyrentkenya.com/listings/1-bedroom-apartment-for-sale-westlands-area-4016671,2026-06-26T20:57:10.922084
1 Bed Apartment with Swimming Pool at Hadheru Road,"KSh 5,500,000",Lavington,1 Bedrooms,1 Bathrooms,https://www.buyrentkenya.com/listings/1-bedroom-apartment-for-sale-lavington-4016607,2026-06-26T20:57:10.999688
3 Bed Apartment with Swimming Pool at Mombasa Rd,"KSh 13,000,000",Syokimau,3 Bedrooms,3 Bathrooms,https://www.buyrentkenya.com/listings/3-bedroom-apartment-for-sale-syokimau-4016604,2026-06-26T20:57:11.077276
2 Bed Apartment with Swimming Pool at Mombasa Rd,"KSh 8,500,000",Syokimau,2 Bedrooms,2 Bathrooms,https://www.buyrentkenya.com/listings/2-bedroom-apartment-for-sale-syokimau-4016603,2026-06-26T20:57:11.154295
1 Bed Apartment with Swimming Pool at Mombasa Rd,"KSh 6,000,000",Syokimau,1 Bedrooms,1 Bathrooms,https://www.buyrentkenya.com/listings/1-bedroom-apartment-for-sale-syokimau-4016601,2026-06-26T20:57:11.231075
3 Bed Apartment with En Suite at Muthithi Road,"KSh 39,000,000","Westlands Area, Westlands",3 Bedrooms,3 Bathrooms,https://www.buyrentkenya.com/listings/3-bedroom-apartment-for-sale-westlands-area-4016669,2026-06-26T20:57:11.308459
2 Bed Apartment with En Suite at Mvuli Road,"KSh 11,500,000","Westlands Area, Westlands",2 Bedrooms,2 Bathrooms,https://www.buyrentkenya.com/listings/2-bedroom-apartment-for-sale-westlands-area-4016539,2026-06-26T20:57:44.132182
1 Bed Apartment with Swimming Pool at Mvuli Road,"KSh 6,200,000","Westlands Area, Westlands",1 Bedrooms,1 Bathrooms,https://www.buyrentkenya.com/listings/1-bedroom-apartment-for-sale-westlands-area-4016534,2026-06-26T20:57:44.213602
2 Bed Apartment with En Suite at Riara Road,"KSh 14,000,000",Lavington,2 Bedrooms,2 Bathrooms,https://www.buyrentkenya.com/listings/2-bedroom-apartment-for-sale-lavington-4016529,2026-06-26T20:57:44.292988
1 Bed Apartment with Swimming Pool at Riara Road,"KSh 6,000,000",Lavington,1 Bedrooms,1 Bathrooms,https://www.buyrentkenya.com/listings/1-bedroom-apartment-for-sale-lavington-4016524,2026-06-26T20:57:44.371283
1 Bed Apartment with Swimming Pool at Vihiga Road,"KSh 6,300,000",Kileleshwa,1 Bedrooms,1 Bathrooms,https://www.buyrentkenya.com/listings/1-bedroom-apartment-for-sale-kileleshwa-4016518,2026-06-26T20:57:44.452645
2 Bed Apartment with En Suite at Vihiga Road,"KSh 11,200,000",Kileleshwa,2 Bedrooms,2 Bathrooms,https://www.buyrentkenya.com/listings/2-bedroom-apartment-for-sale-kileleshwa-4016512,2026-06-26T20:57:44.532047
2 Bed Apartment with En Suite at George Padimore,"KSh 10,000,000",Kilimani,2 Bedrooms,2 Bathrooms,https://www.buyrentkenya.com/listings/2-bedroom-apartment-for-sale-kilimani-4016583,2026-06-26T20:57:44.609135
2 Bed Apartment with En Suite in Kilimani,"KSh 6,000,000",Kilimani,2 Bedrooms,1 Bathrooms,https://www.buyrentkenya.com/listings/2-bedroom-apartment-for-sale-kilimani-4016654,2026-06-26T20:58:20.780143
1 Bed Apartment with En Suite in Lavington,"KSh 3,000,000",Lavington,1 Bedrooms,1 Bathrooms,https://www.buyrentkenya.com/listings/1-bedroom-apartment-for-sale-lavington-4016653,2026-06-26T20:58:20.862457
1 Bed Apartment with En Suite in Kilimani,"KSh 3,000,000",Kilimani,1 Bedrooms,1 Bathrooms,https://www.buyrentkenya.com/listings/1-bedroom-apartment-for-sale-kilimani-4016651,2026-06-26T20:58:20.941010
1 Bed Apartment with En Suite in Kileleshwa,"KSh 3,000,000",Kileleshwa,1 Bedrooms,1 Bathrooms,https://www.buyrentkenya.com/listings/1-bedroom-apartment-for-sale-kileleshwa-4016652,2026-06-26T20:58:21.021184
2 Bed Apartment with En Suite at Mombasa Rd,"KSh 7,400,000",Syokimau,2 Bedrooms,2 Bathrooms,https://www.buyrentkenya.com/listings/2-bedroom-apartment-for-sale-syokimau-4016630,2026-06-26T20:58:21.101887
2 Bed Apartment with En Suite at Hadheru Road,"KSh 9,500,000",Lavington,2 Bedrooms,2 Bathrooms,https://www.buyrentkenya.com/listings/2-bedroom-apartment-for-sale-lavington-4016608,2026-06-26T20:58:21.181568
1 Bed Apartment with Swimming Pool at Lantana Rd,"KSh 6,500,000","Westlands Area, Westlands",1 Bedrooms,1 Bathrooms,https://www.buyrentkenya.com/listings/1-bedroom-apartment-for-sale-westlands-area-4016609,2026-06-26T20:58:21.260013
3 Bed Apartment with En Suite in Kileleshwa,"KSh 10,000,000",Kileleshwa,3 Bedrooms,2 Bathrooms,https://www.buyrentkenya.com/listings/3-bedroom-apartment-for-sale-kileleshwa-4016617,2026-06-26T20:58:52.841688
3 Bed Apartment with En Suite in Lavington,"KSh 10,000,000",Lavington,3 Bedrooms,2 Bathrooms,https://www.buyrentkenya.com/listings/3-bedroom-apartment-for-sale-lavington-4016618,2026-06-26T20:58:52.924490
3 Bed Apartment with En Suite in Kilimani,"KSh 10,000,000",Kilimani,3 Bedrooms,2 Bathrooms,https://www.buyrentkenya.com/listings/3-bedroom-apartment-for-sale-kilimani-4016615,2026-06-26T20:58:53.002136
2 Bed Apartment with En Suite in Kileleshwa,"KSh 6,000,000",Kileleshwa,2 Bedrooms,1 Bathrooms,https://www.buyrentkenya.com/listings/2-bedroom-apartment-for-sale-kileleshwa-4016613,2026-06-26T20:58:53.080204
2 Bed Apartment with En Suite in Lavington,"KSh 6,000,000",Lavington,2 Bedrooms,1 Bathrooms,https://www.buyrentkenya.com/listings/2-bedroom-apartment-for-sale-lavington-4016614,2026-06-26T20:58:53.162378
2 Bed Apartment with En Suite in Kilimani,"KSh 6,000,000",Kilimani,2 Bedrooms,1 Bathrooms,https://www.buyrentkenya.com/listings/2-bedroom-apartment-for-sale-kilimani-4016612,2026-06-26T20:58:53.240832
1 Bed Apartment with En Suite in Kileleshwa,"KSh 3,000,000",Kileleshwa,1 Bedrooms,1 Bathrooms,https://www.buyrentkenya.com/listings/1-bedroom-apartment-for-sale-kileleshwa-4016606,2026-06-26T20:58:53.320033
1 Bed Apartment with En Suite in Kilimani,"KSh 3,000,000",Kilimani,1 Bedrooms,1 Bathrooms,https://www.buyrentkenya.com/listings/1-bedroom-apartment-for-sale-kilimani-4016471,2026-06-26T20:59:26.140407
1 Bed Apartment with En Suite in Kilimani,"KSh 4,000,000",Kilimani,1 Bedrooms,1 Bathrooms,https://www.buyrentkenya.com/listings/1-bedroom-apartment-for-sale-kilimani-4016467,2026-06-26T20:59:26.220687
4 Bed Apartment with En Suite in Westlands Area,"KSh 17,900,000","Westlands Area, Westlands",4 Bedrooms,4 Bathrooms,https://www.buyrentkenya.com/listings/4-bedroom-apartment-for-sale-westlands-area-4016461,2026-06-26T20:59:26.299061
4 Bed Apartment with En Suite in Westlands Area,"KSh 17,900,000","Westlands Area, Westlands",4 Bedrooms,4 Bathrooms,https://www.buyrentkenya.com/listings/4-bedroom-apartment-for-sale-westlands-area-4016458,2026-06-26T20:59:26.376437
3 Bed Apartment with En Suite in Westlands Area,"KSh 11,000,000","Westlands Area, Westlands",3 Bedrooms,3 Bathrooms,https://www.buyrentkenya.com/listings/3-bedroom-apartment-for-sale-westlands-area-4016440,2026-06-26T20:59:26.454210
3 Bed Apartment with En Suite in Westlands Area,"KSh 11,000,000","Westlands Area, Westlands",3 Bedrooms,3 Bathrooms,https://www.buyrentkenya.com/listings/3-bedroom-apartment-for-sale-westlands-area-4016438,2026-06-26T20:59:26.533444
2 Bed Apartment with En Suite in Westlands Area,"KSh 7,000,000","Westlands Area, Westlands",2 Bedrooms,2 Bathrooms,https://www.buyrentkenya.com/listings/2-bedroom-apartment-for-sale-westlands-area-4016437,2026-06-26T20:59:26.612340
2 Bed Apartment with En Suite in Lavington,"KSh 6,000,000",Lavington,2 Bedrooms,1 Bathrooms,https://www.buyrentkenya.com/listings/2-bedroom-apartment-for-sale-lavington-4016399,2026-06-26T20:59:59.717288
2 Bed Apartment with En Suite in Kileleshwa,"KSh 6,000,000",Kileleshwa,2 Bedrooms,1 Bathrooms,https://www.buyrentkenya.com/listings/2-bedroom-apartment-for-sale-kileleshwa-4016398,2026-06-26T20:59:59.806338
2 Bed Apartment with En Suite in Kilimani,"KSh 6,000,000",Kilimani,2 Bedrooms,1 Bathrooms,https://www.buyrentkenya.com/listings/2-bedroom-apartment-for-sale-kilimani-4016397,2026-06-26T20:59:59.884541
1 Bed Apartment with En Suite in Westlands Area,"KSh 4,000,000","Westlands Area, Westlands",1 Bedrooms,1 Bathrooms,https://www.buyrentkenya.com/listings/1-bedroom-apartment-for-sale-westlands-area-4016396,2026-06-26T20:59:59.966253
Serviced 2 Bed Apartment with En Suite in Westlands Area,"KSh 10,191,000","Westlands Area, Westlands",2 Bedrooms,2 Bathrooms,https://www.buyrentkenya.com/listings/2-bedroom-apartment-for-sale-westlands-area-4016547,2026-06-26T21:00:00.049723
1 Bed Apartment with En Suite in Lavington,"KSh 3,000,000",Lavington,1 Bedrooms,1 Bathrooms,https://www.buyrentkenya.com/listings/1-bedroom-apartment-for-sale-lavington-4016393,2026-06-26T21:00:00.127519
1 Bed Apartment with En Suite in Kileleshwa,"KSh 3,000,000",Kileleshwa,1 Bedrooms,1 Bathrooms,https://www.buyrentkenya.com/listings/1-bedroom-apartment-for-sale-kileleshwa-4016392,2026-06-26T21:00:00.204347
3 Bed Apartment with En Suite in Kileleshwa,"KSh 9,000,000",Kileleshwa,3 Bedrooms,3 Bathrooms,https://www.buyrentkenya.com/listings/3-bedroom-apartment-for-sale-kileleshwa-4016128,2026-06-26T21:00:36.138263
2 Bed Apartment with En Suite in Kileleshwa,"KSh 7,000,000",Kileleshwa,2 Bedrooms,2 Bathrooms,https://www.buyrentkenya.com/listings/2-bedroom-apartment-for-sale-kileleshwa-4016198,2026-06-26T21:00:36.220712
1 Bed Apartment with En Suite in Kileleshwa,"KSh 3,000,000",Kileleshwa,1 Bedrooms,1 Bathrooms,https://www.buyrentkenya.com/listings/1-bedroom-apartment-for-sale-kileleshwa-4016124,2026-06-26T21:00:36.300565
4 Bed Apartment with En Suite in Lavington,"KSh 20,000,000",Lavington,4 Bedrooms,5 Bathrooms,https://www.buyrentkenya.com/listings/4-bedroom-apartment-for-sale-lavington-4016193,2026-06-26T21:00:36.389234
3 Bed Apartment with En Suite in Lavington,"KSh 9,000,000",Lavington,3 Bedrooms,3 Bathrooms,https://www.buyrentkenya.com/listings/3-bedroom-apartment-for-sale-lavington-4016118,2026-06-26T21:00:36.481787
2 Bed Apartment with En Suite in Lavington,"KSh 6,000,000",Lavington,2 Bedrooms,2 Bathrooms,https://www.buyrentkenya.com/listings/2-bedroom-apartment-for-sale-lavington-4016117,2026-06-26T21:00:36.566375
1 Bed Apartment with En Suite in Lavington,"KSh 3,000,000",Lavington,1 Bedrooms,1 Bathrooms,https://www.buyrentkenya.com/listings/1-bedroom-apartment-for-sale-lavington-4015176,2026-06-26T21:00:36.646452
